Process,Equipment,Labor,Facility,Utilities,Consumables,Overhead,Total
Injection Molding Plate,13.722472412968,8.828635620915033,1.1226851851851851,1.0648822916666667,56.25,43.53922784985521,124.52790336059009
Injection Molding Header,0.219559558607488,0.14125816993464058,0.017962962962962962,0.017038116666666662,0.8999999999999999,0.6966276455976833,1.9924464537694413
Injection Molding Endcap,0.219559558607488,0.14125816993464058,0.017962962962962962,0.017038116666666662,0.8999999999999999,0.6966276455976833,1.9924464537694413
Die Cutting Film,1.5014139224051335,13.873570261437912,0.7718460648148148,1.0796041666666667,0.0,9.260870712103292,26.487305127427817
Laser Welding,81.95173308481998,15.45011233660131,1.9646990740740737,5.15265625,0.0,56.18915567201362,160.70835641750898
Assembly,5.37384194263347,2.5224673202614385,0.32076719576719576,0.028041666666666663,0.0,4.432546580664571,12.677664705993342
Material,0.0,0.0,0.0,0.0,0.0,0.0,67.5
Total,102.98858048004156,40.95730187908498,4.215923445767195,7.359260608333333,58.05,114.81505610583207,395.8861225190591
