Process,Equipment,Labor,Facility,Utilities,Consumables,Overhead,Total
Injection Molding Plate,13.722472412968,8.828635620915033,1.1226851851851851,1.0648822916666667,11.25,24.723361650330446,60.712037161065325
Injection Molding Header,0.219559558607488,0.14125816993464058,0.017962962962962962,0.017038116666666662,0.18,0.39557378640528723,0.9713925945770454
Injection Molding Endcap,0.219559558607488,0.14125816993464058,0.017962962962962962,0.017038116666666662,0.18,0.39557378640528723,0.9713925945770454
Die Cutting Film,1.5014139224051335,13.873570261437912,0.7718460648148148,1.0796041666666667,0.0,11.83414954709097,29.060583962415496
Laser Welding,81.95173308481998,15.45011233660131,1.9646990740740737,5.15265625,0.0,71.80219785147642,176.3213985969718
Assembly,5.37384194263347,2.5224673202614385,0.32076719576719576,0.028041666666666663,0.0,5.664199484123646,13.909317609452417
Material,0.0,0.0,0.0,0.0,0.0,0.0,88.09200000000001
Total,102.98858048004156,40.95730187908498,4.215923445767195,7.359260608333333,11.61,114.81505610583206,370.03812251905913
