Process,Material,Equipment,Labor,Facility,Utilities,Consumables,Overhead,Total
Injection Molding Plate,48.09375,27.444944825936,8.828635620915033,1.1226851851851851,1.0648822916666667,22.5,34.44368753147173,143.49858545517463
Injection Molding Header,25.8039,0.439119117214976,0.14125816993464058,0.017962962962962962,0.017038116666666662,0.36,0.5510990005035455,27.330377367282786
Injection Molding Endcap,3.5397000000000007,0.439119117214976,0.14125816993464058,0.017962962962962962,0.017038116666666662,0.36,0.5510990005035481,5.066177367282796
Die Cutting IM Plate,0.0,1.5014139224051335,13.873570261437912,0.7718460648148148,1.0796041666666667,0.0,9.733116000791806,26.959550416116333
Die Cutting Film,0.0,1.5014139224051335,13.873570261437912,0.7718460648148148,1.0796041666666667,0.0,9.733116000791806,26.959550416116333
Assembly,0.0,0.0,82.45104847494552,0.2621202601410934,0.0,0.0,46.733807280251256,129.44697601533787
Laser Welding,0.0,81.95173308481998,15.45011233660131,1.9646990740740737,5.15265625,0.0,59.05444392258972,163.57364466808508
Total,77.43735,113.2777439899962,134.75945329520698,4.929122574955908,8.410823108333332,23.22,160.8003687369034,522.8348617053958
