Process,Material,Equipment,Labor,Facility,Utilities,Consumables,Overhead,Total
Injection Molding Plate,52.52404773384764,16.757122156798303,9.47567159698981,0.5422342092574736,5.303807458413694,12.074493731918997,26.026791534730066,122.70416842195598
Injection Molding Header,19.43510511089682,0.26811395450877284,0.15161074555183693,0.008675747348119576,0.0848609193346191,0.19319189971070397,0.41642866455568045,20.557987041906554
Injection Molding Endcap,2.6660482160077144,0.26811395450877284,0.15161074555183693,0.008675747348119576,0.0848609193346191,0.19319189971070397,0.41642866455568095,3.7889301470174477
Die Cutting Film,0.0,1.6115005451764368,14.89034108098399,0.8284133752544736,1.1587265549662489,7.513018322082932,15.32723903948433,41.329238917948416
Fin Stack Assembly,0.0,0.0,736.1784630438483,2.340386129861781,0.0,0.0,435.3301665009838,1173.8490156746939
Module Assembly,0.0,0.0,7.38199939651206,0.023468126093789066,0.0,0.0,4.365255420685062,11.770722943290911
Rack Assembly,0.0,0.0071112558903565735,1.630846880298246,0.010110024457187245,0.0,0.0,0.9714766083243822,2.6195447689701723
Gluing,0.0,0.9674641017559619,1.6920842137481802,0.05379307631522555,0.018810496022179362,2.660707153401932,3.1788954702612515,8.57175451150473
Total,74.62520106075218,19.879425968638607,771.5526277034843,3.8157564359361693,6.651066348071359,22.63460300682527,486.0326819035803,1385.191362427288
