Process,Material,Equipment,Labor,Facility,Utilities,Consumables,Overhead,Total
Injection Molding Plate,51.618460703953716,29.45633904654462,9.47567159698981,1.2049649094610524,1.1429257383076181,24.148987463837994,36.19249380121661,153.23984326031143
Injection Molding Header,27.695024783027968,0.4713014247447138,0.15161074555183693,0.019279438551376833,0.01828681181292189,0.38638379942140794,0.5790799008194636,29.320966903929687
Injection Molding Endcap,3.7991187078109934,0.4713014247447138,0.15161074555183693,0.019279438551376833,0.01828681181292189,0.38638379942140794,0.5790799008194654,5.4250608287127156
Die Cutting IM Plate,0.0,1.6115005451764368,14.89034108098399,0.8284133752544736,1.1587265549662489,7.513018322082932,14.383206521241746,40.38520639970583
Die Cutting Film,0.0,1.6115005451764368,14.89034108098399,0.8284133752544736,1.1587265549662489,7.513018322082932,14.383206521241746,40.38520639970583
Assembly,0.0,0.0,87.71764564070565,0.2788633076181293,0.0,0.0,48.67594674517015,136.67245569349393
Laser Welding,0.0,120.87082901622624,16.582425294732168,2.108688591556841,5.530285830520733,0.0,80.25888394157525,225.35111267461124
Total,83.11260419479267,154.49277200261315,143.8596461854993,5.287902436247723,9.027238302386692,39.94779170684667,195.05189733208442,630.7798521604707
