Process,Material,Equipment,Labor,Facility,Utilities,Consumables,Overhead,Total
Injection Molding Plate,212.0625,15.612880212578471,8.828635620915033,0.5052083333333334,4.941642708333332,11.25,27.390650289139096,280.59151716429926
Injection Molding Header,18.108,0.24980608340125554,0.14125816993464058,0.008083333333333335,0.07906628333333333,0.18,0.4382504046262254,19.204464274628787
Injection Molding Endcap,2.4840000000000004,0.24980608340125554,0.14125816993464058,0.008083333333333335,0.07906628333333333,0.18,0.438250404626226,3.5804642746287896
Die Cutting Film,0.0,1.5014139224051335,13.873570261437912,0.7718460648148148,1.0796041666666667,0.0,11.46966388410156,28.696098299426087
Assembly,0.0,0.0,82.45104847494552,0.2621202601410934,0.0,0.0,55.07188668924259,137.7850554243292
Laser Welding,0.0,81.95173308481998,15.45011233660131,1.9646990740740737,5.15265625,0.0,69.59072742989251,174.1099281753879
Total,232.6545,99.5656393866061,120.88588303376906,3.5200403990299822,11.332035691666666,11.61,164.3994291016282,643.9675276127
