Process,Material,Equipment,Labor,Facility,Utilities,Consumables,Overhead,Total
Injection Molding Plate,212.0625,15.612880212578471,8.828635620915033,0.5052083333333334,4.941642708333332,11.25,47.196607950975014,300.3974748261352
Injection Molding Header,18.108,0.24980608340125554,0.14125816993464058,0.008083333333333335,0.07906628333333333,0.18,0.7551457272156,19.52135959721816
Injection Molding Endcap,2.4840000000000004,0.24980608340125554,0.14125816993464058,0.008083333333333335,0.07906628333333333,0.18,0.755145727215601,3.8973595972181645
Die Cutting Film,0.0,1.5014139224051335,13.873570261437912,0.7718460648148148,1.0796041666666667,0.0,19.763285060889768,36.98971947621429
Assembly,0.0,0.0,82.45104847494552,0.2621202601410934,0.0,0.0,94.89392247920948,177.60709121429608
Gluing,0.0,1.2828815041713049,0.0,0.49117476851851843,0.17175520833333333,2.479023646071701,5.076458415934278,9.501293543029135
Total,232.6545,18.89678780595742,105.43577069716775,2.046516093474427,6.35113465,14.0890236460717,168.44056536143972,547.9142982541109
