Process,Equipment,Labor,Facility,Utilities,Consumables,Overhead,Total
Injection Molding Plate,27.444944825936,8.828635620915033,1.1226851851851851,1.0648822916666667,22.5,36.28388376685394,97.24503169055683
Injection Molding Header,0.439119117214976,0.14125816993464058,0.017962962962962962,0.017038116666666662,0.36,0.580542140269663,1.555920507048909
Injection Molding Endcap,0.439119117214976,0.14125816993464058,0.017962962962962962,0.017038116666666662,0.36,0.580542140269663,1.555920507048909
Die Cutting Film,1.5014139224051335,13.873570261437912,0.7718460648148148,1.0796041666666667,0.0,10.253119656231721,27.479554071556247
Laser Welding,81.95173308481998,15.45011233660131,1.9646990740740737,5.15265625,0.0,62.20949999170674,166.7287007372021
Assembly,5.37384194263347,2.5224673202614385,0.32076719576719576,0.028041666666666663,0.0,4.907468410500332,13.152586535829103
Material,0.0,0.0,0.0,0.0,0.0,0.0,67.5
Total,117.15017201022454,40.95730187908498,4.215923445767195,7.359260608333333,23.22,114.81505610583206,375.21771404924215
