Process,Material,Equipment,Labor,Facility,Utilities,Consumables,Overhead,Total
Injection Molding Plate,48.09375,27.444944825936,8.828635620915033,1.1226851851851851,1.0648822916666667,22.5,54.46491112165113,163.519809045354
Injection Molding Header,25.8039,0.439119117214976,0.14125816993464058,0.017962962962962962,0.017038116666666662,0.36,0.8714385779464147,27.650716944725655
Injection Molding Endcap,3.5397000000000007,0.439119117214976,0.14125816993464058,0.017962962962962962,0.017038116666666662,0.36,0.8714385779464187,5.386516944725667
Die Cutting IM Plate,0.0,1.5014139224051335,13.873570261437912,0.7718460648148148,1.0796041666666667,0.0,15.39072427815615,32.617158693480675
Die Cutting Film,0.0,1.5014139224051335,13.873570261437912,0.7718460648148148,1.0796041666666667,0.0,15.39072427815615,32.617158693480675
Assembly,0.0,0.0,82.45104847494552,0.2621202601410934,0.0,0.0,73.89895920898506,156.6121279440717
Gluing,0.0,1.2828815041713049,0.0,0.49117476851851843,0.17175520833333333,2.479023646071701,3.9533089538734947,8.378144080968351
Total,77.43735,32.608892409347526,119.30934095860566,3.455598269400353,3.4299220666666668,25.6990236460717,164.84150499671483,426.7816323468067
